-- phpMyAdmin SQL Dump
-- version 4.8.1
-- https://www.phpmyadmin.net/
--
-- Host: 127.0.0.1
-- Generation Time: Sep 02, 2018 at 11:54 AM
-- Server version: 10.1.33-MariaDB
-- PHP Version: 7.2.6

SET SQL_MODE = "NO_AUTO_VALUE_ON_ZERO";
SET AUTOCOMMIT = 0;
START TRANSACTION;
SET time_zone = "+00:00";


/*!40101 SET @OLD_CHARACTER_SET_CLIENT=@@CHARACTER_SET_CLIENT */;
/*!40101 SET @OLD_CHARACTER_SET_RESULTS=@@CHARACTER_SET_RESULTS */;
/*!40101 SET @OLD_COLLATION_CONNECTION=@@COLLATION_CONNECTION */;
/*!40101 SET NAMES utf8mb4 */;

--
-- Database: `skn_fb_v0_1`
--

-- --------------------------------------------------------

--
-- Table structure for table `prac_course`
--

CREATE TABLE `prac_course` (
  `P_Course_Code` int(6) NOT NULL,
  `P_Course_Name` varchar(50) NOT NULL,
  `P_Year` varchar(5) NOT NULL,
  `P_Semester` varchar(5) NOT NULL
) ENGINE=InnoDB DEFAULT CHARSET=utf8;

--
-- Dumping data for table `prac_course`
--

INSERT INTO `prac_course` (`P_Course_Code`, `P_Course_Name`, `P_Year`, `P_Semester`) VALUES
(210246, 'Digital Electronics Lab ', '2', '3'),
(210247, 'Data Structures Lab', '2', '3'),
(210248, 'Object Oriented Programming Lab', '2', '3'),
(210249, 'Soft Skills', '2', '3'),
(210255, 'Computer Graphics Lab ', '2', '4'),
(210256, 'Advanced Data Structures Lab', '2', '4'),
(210257, 'Microprocessor Lab', '2', '4'),
(310246, 'Skills Development Lab', '3', '5'),
(310247, 'DBMS Lab', '3', '5'),
(310248, 'CN Lab', '3', '5'),
(310256, 'Web Technology Lab ', '3', '6'),
(310257, 'SP & OS Lab', '3', '6'),
(310258, 'ES & IoT Lab', '3', '6');

-- --------------------------------------------------------

--
-- Table structure for table `prac_output`
--

CREATE TABLE `prac_output` (
  `P_Name` varchar(100) NOT NULL,
  `P_Course_Code` int(6) NOT NULL,
  `P_Year` varchar(5) NOT NULL,
  `P_Sem` varchar(5) NOT NULL,
  `P_div` varchar(5) NOT NULL,
  `P_batch` varchar(5) NOT NULL,
  `Q_id` int(5) NOT NULL,
  `tot_cont` int(5) NOT NULL
) ENGINE=InnoDB DEFAULT CHARSET=utf8;

--
-- Dumping data for table `prac_output`
--

INSERT INTO `prac_output` (`P_Name`, `P_Course_Code`, `P_Year`, `P_Sem`, `P_div`, `P_batch`, `Q_id`, `tot_cont`) VALUES
('Prof P. S. Teli', 210247, '2', '3', '5', 'S21', 1, 19),
('Prof P. S. Teli', 210247, '2', '3', '5', 'S21', 2, 20),
('Prof P. S. Teli', 210247, '2', '3', '5', 'S21', 3, 19),
('Prof P. S. Teli', 210247, '2', '3', '5', 'S21', 4, 18),
('Prof P. S. Teli', 210247, '2', '3', '5', 'S21', 5, 19),
('Prof P. S. Teli', 210247, '2', '3', '5', 'S21', 6, 16),
('Prof P. S. Teli', 210247, '2', '3', '5', 'S24', 1, 0),
('Prof P. S. Teli', 210247, '2', '3', '5', 'S24', 2, 0),
('Prof P. S. Teli', 210247, '2', '3', '5', 'S24', 3, 0),
('Prof P. S. Teli', 210247, '2', '3', '5', 'S24', 4, 0),
('Prof P. S. Teli', 210247, '2', '3', '5', 'S24', 5, 0),
('Prof P. S. Teli', 210247, '2', '3', '5', 'S24', 6, 0),
('Prof P.A. Sonewar', 210248, '2', '3', '5', 'S21', 1, 18),
('Prof P.A. Sonewar', 210248, '2', '3', '5', 'S21', 2, 17),
('Prof P.A. Sonewar', 210248, '2', '3', '5', 'S21', 3, 18),
('Prof P.A. Sonewar', 210248, '2', '3', '5', 'S21', 4, 17),
('Prof P.A. Sonewar', 210248, '2', '3', '5', 'S21', 5, 23),
('Prof P.A. Sonewar', 210248, '2', '3', '5', 'S21', 6, 21),
('Prof P.A. Sonewar', 210248, '2', '3', '5', 'S22', 1, 0),
('Prof P.A. Sonewar', 210248, '2', '3', '5', 'S22', 2, 0),
('Prof P.A. Sonewar', 210248, '2', '3', '5', 'S22', 3, 0),
('Prof P.A. Sonewar', 210248, '2', '3', '5', 'S22', 4, 0),
('Prof P.A. Sonewar', 210248, '2', '3', '5', 'S22', 5, 0),
('Prof P.A. Sonewar', 210248, '2', '3', '5', 'S22', 6, 0),
('Prof P.A. Sonewar', 210248, '2', '3', '5', 'S23', 1, 0),
('Prof P.A. Sonewar', 210248, '2', '3', '5', 'S23', 2, 0),
('Prof P.A. Sonewar', 210248, '2', '3', '5', 'S23', 3, 0),
('Prof P.A. Sonewar', 210248, '2', '3', '5', 'S23', 4, 0),
('Prof P.A. Sonewar', 210248, '2', '3', '5', 'S23', 5, 0),
('Prof P.A. Sonewar', 210248, '2', '3', '5', 'S23', 6, 0),
('Prof P.A. Sonewar', 210248, '2', '3', '5', 'S24', 1, 0),
('Prof P.A. Sonewar', 210248, '2', '3', '5', 'S24', 2, 0),
('Prof P.A. Sonewar', 210248, '2', '3', '5', 'S24', 3, 0),
('Prof P.A. Sonewar', 210248, '2', '3', '5', 'S24', 4, 0),
('Prof P.A. Sonewar', 210248, '2', '3', '5', 'S24', 5, 0),
('Prof P.A. Sonewar', 210248, '2', '3', '5', 'S24', 6, 0),
('Prof P. D. Takalkar', 210246, '2', '3', '5', 'S21', 1, 19),
('Prof P. D. Takalkar', 210246, '2', '3', '5', 'S21', 2, 18),
('Prof P. D. Takalkar', 210246, '2', '3', '5', 'S21', 3, 16),
('Prof P. D. Takalkar', 210246, '2', '3', '5', 'S21', 4, 18),
('Prof P. D. Takalkar', 210246, '2', '3', '5', 'S21', 5, 20),
('Prof P. D. Takalkar', 210246, '2', '3', '5', 'S21', 6, 18),
('Prof P. D. Takalkar', 210246, '2', '3', '5', 'S22', 1, 0),
('Prof P. D. Takalkar', 210246, '2', '3', '5', 'S22', 2, 0),
('Prof P. D. Takalkar', 210246, '2', '3', '5', 'S22', 3, 0),
('Prof P. D. Takalkar', 210246, '2', '3', '5', 'S22', 4, 0),
('Prof P. D. Takalkar', 210246, '2', '3', '5', 'S22', 5, 0),
('Prof P. D. Takalkar', 210246, '2', '3', '5', 'S22', 6, 0),
('Prof P. D. Takalkar', 210246, '2', '3', '5', 'S23', 1, 0),
('Prof P. D. Takalkar', 210246, '2', '3', '5', 'S23', 2, 0),
('Prof P. D. Takalkar', 210246, '2', '3', '5', 'S23', 3, 0),
('Prof P. D. Takalkar', 210246, '2', '3', '5', 'S23', 4, 0),
('Prof P. D. Takalkar', 210246, '2', '3', '5', 'S23', 5, 0),
('Prof P. D. Takalkar', 210246, '2', '3', '5', 'S23', 6, 0),
('Prof P. D. Takalkar', 210246, '2', '3', '5', 'S24', 1, 0),
('Prof P. D. Takalkar', 210246, '2', '3', '5', 'S24', 2, 0),
('Prof P. D. Takalkar', 210246, '2', '3', '5', 'S24', 3, 0),
('Prof P. D. Takalkar', 210246, '2', '3', '5', 'S24', 4, 0),
('Prof P. D. Takalkar', 210246, '2', '3', '5', 'S24', 5, 0),
('Prof P. D. Takalkar', 210246, '2', '3', '5', 'S24', 6, 0),
('Prof R. M. Indoria', 210247, '2', '3', '5', 'S22', 1, 0),
('Prof R. M. Indoria', 210247, '2', '3', '5', 'S22', 2, 0),
('Prof R. M. Indoria', 210247, '2', '3', '5', 'S22', 3, 0),
('Prof R. M. Indoria', 210247, '2', '3', '5', 'S22', 4, 0),
('Prof R. M. Indoria', 210247, '2', '3', '5', 'S22', 5, 0),
('Prof R. M. Indoria', 210247, '2', '3', '5', 'S22', 6, 0),
('Prof R. M. Indoria', 210247, '2', '3', '5', 'S23', 1, 0),
('Prof R. M. Indoria', 210247, '2', '3', '5', 'S23', 2, 0),
('Prof R. M. Indoria', 210247, '2', '3', '5', 'S23', 3, 0),
('Prof R. M. Indoria', 210247, '2', '3', '5', 'S23', 4, 0),
('Prof R. M. Indoria', 210247, '2', '3', '5', 'S23', 5, 0),
('Prof R. M. Indoria', 210247, '2', '3', '5', 'S23', 6, 0),
('Prof R.B. Kale', 210247, '2', '3', '1', 'S1', 1, 0),
('Prof R.B. Kale', 210247, '2', '3', '1', 'S1', 2, 0),
('Prof R.B. Kale', 210247, '2', '3', '1', 'S1', 3, 0),
('Prof R.B. Kale', 210247, '2', '3', '1', 'S1', 4, 0),
('Prof R.B. Kale', 210247, '2', '3', '1', 'S1', 5, 0),
('Prof R.B. Kale', 210247, '2', '3', '1', 'S1', 6, 0),
('Prof D. R. Dhaygude', 210247, '2', '3', '1', 'S2', 1, 0),
('Prof D. R. Dhaygude', 210247, '2', '3', '1', 'S2', 2, 0),
('Prof D. R. Dhaygude', 210247, '2', '3', '1', 'S2', 3, 0),
('Prof D. R. Dhaygude', 210247, '2', '3', '1', 'S2', 4, 0),
('Prof D. R. Dhaygude', 210247, '2', '3', '1', 'S2', 5, 0),
('Prof D. R. Dhaygude', 210247, '2', '3', '1', 'S2', 6, 0),
('Prof A. N. Ainapure', 210247, '2', '3', '1', 'S3', 1, 0),
('Prof A. N. Ainapure', 210247, '2', '3', '1', 'S3', 2, 0),
('Prof A. N. Ainapure', 210247, '2', '3', '1', 'S3', 3, 0),
('Prof A. N. Ainapure', 210247, '2', '3', '1', 'S3', 4, 0),
('Prof A. N. Ainapure', 210247, '2', '3', '1', 'S3', 5, 0),
('Prof A. N. Ainapure', 210247, '2', '3', '1', 'S3', 6, 0),
('Prof A. N. Ainapure', 210247, '2', '3', '1', 'S4', 1, 0),
('Prof A. N. Ainapure', 210247, '2', '3', '1', 'S4', 2, 0),
('Prof A. N. Ainapure', 210247, '2', '3', '1', 'S4', 3, 0),
('Prof A. N. Ainapure', 210247, '2', '3', '1', 'S4', 4, 0),
('Prof A. N. Ainapure', 210247, '2', '3', '1', 'S4', 5, 0),
('Prof A. N. Ainapure', 210247, '2', '3', '1', 'S4', 6, 0),
('Prof D. R. Dhaygude', 210247, '2', '3', '1', 'S5', 1, 0),
('Prof D. R. Dhaygude', 210247, '2', '3', '1', 'S5', 2, 0),
('Prof D. R. Dhaygude', 210247, '2', '3', '1', 'S5', 3, 0),
('Prof D. R. Dhaygude', 210247, '2', '3', '1', 'S5', 4, 0),
('Prof D. R. Dhaygude', 210247, '2', '3', '1', 'S5', 5, 0),
('Prof D. R. Dhaygude', 210247, '2', '3', '1', 'S5', 6, 0),
('Prof D. S. Lavakhare', 210248, '2', '3', '1', 'S1', 1, 0),
('Prof D. S. Lavakhare', 210248, '2', '3', '1', 'S1', 2, 0),
('Prof D. S. Lavakhare', 210248, '2', '3', '1', 'S1', 3, 0),
('Prof D. S. Lavakhare', 210248, '2', '3', '1', 'S1', 4, 0),
('Prof D. S. Lavakhare', 210248, '2', '3', '1', 'S1', 5, 0),
('Prof D. S. Lavakhare', 210248, '2', '3', '1', 'S1', 6, 0),
('Prof D. S. Lavakhare', 210248, '2', '3', '1', 'S2', 1, 0),
('Prof D. S. Lavakhare', 210248, '2', '3', '1', 'S2', 2, 0),
('Prof D. S. Lavakhare', 210248, '2', '3', '1', 'S2', 3, 0),
('Prof D. S. Lavakhare', 210248, '2', '3', '1', 'S2', 4, 0),
('Prof D. S. Lavakhare', 210248, '2', '3', '1', 'S2', 5, 0),
('Prof D. S. Lavakhare', 210248, '2', '3', '1', 'S2', 6, 0),
('Prof D. S. Lavakhare', 210248, '2', '3', '1', 'S3', 1, 0),
('Prof D. S. Lavakhare', 210248, '2', '3', '1', 'S3', 2, 0),
('Prof D. S. Lavakhare', 210248, '2', '3', '1', 'S3', 3, 0),
('Prof D. S. Lavakhare', 210248, '2', '3', '1', 'S3', 4, 0),
('Prof D. S. Lavakhare', 210248, '2', '3', '1', 'S3', 5, 0),
('Prof D. S. Lavakhare', 210248, '2', '3', '1', 'S3', 6, 0),
('Prof D. S. Lavakhare', 210248, '2', '3', '1', 'S4', 1, 0),
('Prof D. S. Lavakhare', 210248, '2', '3', '1', 'S4', 2, 0),
('Prof D. S. Lavakhare', 210248, '2', '3', '1', 'S4', 3, 0),
('Prof D. S. Lavakhare', 210248, '2', '3', '1', 'S4', 4, 0),
('Prof D. S. Lavakhare', 210248, '2', '3', '1', 'S4', 5, 0),
('Prof D. S. Lavakhare', 210248, '2', '3', '1', 'S4', 6, 0),
('Prof D. S. Lavakhare', 210248, '2', '3', '1', 'S5', 1, 0),
('Prof D. S. Lavakhare', 210248, '2', '3', '1', 'S5', 2, 0),
('Prof D. S. Lavakhare', 210248, '2', '3', '1', 'S5', 3, 0),
('Prof D. S. Lavakhare', 210248, '2', '3', '1', 'S5', 4, 0),
('Prof D. S. Lavakhare', 210248, '2', '3', '1', 'S5', 5, 0),
('Prof D. S. Lavakhare', 210248, '2', '3', '1', 'S5', 6, 0),
('Dr. K. N. Honwadkar', 210246, '2', '3', '1', 'S1', 1, 0),
('Dr. K. N. Honwadkar', 210246, '2', '3', '1', 'S1', 2, 0),
('Dr. K. N. Honwadkar', 210246, '2', '3', '1', 'S1', 3, 0),
('Dr. K. N. Honwadkar', 210246, '2', '3', '1', 'S1', 4, 0),
('Dr. K. N. Honwadkar', 210246, '2', '3', '1', 'S1', 5, 0),
('Dr. K. N. Honwadkar', 210246, '2', '3', '1', 'S1', 6, 0),
('Dr. K. N. Honwadkar', 210246, '2', '3', '1', 'S2', 1, 0),
('Dr. K. N. Honwadkar', 210246, '2', '3', '1', 'S2', 2, 0),
('Dr. K. N. Honwadkar', 210246, '2', '3', '1', 'S2', 3, 0),
('Dr. K. N. Honwadkar', 210246, '2', '3', '1', 'S2', 4, 0),
('Dr. K. N. Honwadkar', 210246, '2', '3', '1', 'S2', 5, 0),
('Dr. K. N. Honwadkar', 210246, '2', '3', '1', 'S2', 6, 0),
('Dr. K. N. Honwadkar', 210246, '2', '3', '1', 'S3', 1, 0),
('Dr. K. N. Honwadkar', 210246, '2', '3', '1', 'S3', 2, 0),
('Dr. K. N. Honwadkar', 210246, '2', '3', '1', 'S3', 3, 0),
('Dr. K. N. Honwadkar', 210246, '2', '3', '1', 'S3', 4, 0),
('Dr. K. N. Honwadkar', 210246, '2', '3', '1', 'S3', 5, 0),
('Dr. K. N. Honwadkar', 210246, '2', '3', '1', 'S3', 6, 0),
('Dr. K. N. Honwadkar', 210246, '2', '3', '1', 'S4', 1, 0),
('Dr. K. N. Honwadkar', 210246, '2', '3', '1', 'S4', 2, 0),
('Dr. K. N. Honwadkar', 210246, '2', '3', '1', 'S4', 3, 0),
('Dr. K. N. Honwadkar', 210246, '2', '3', '1', 'S4', 4, 0),
('Dr. K. N. Honwadkar', 210246, '2', '3', '1', 'S4', 5, 0),
('Dr. K. N. Honwadkar', 210246, '2', '3', '1', 'S4', 6, 0),
('Dr. K. N. Honwadkar', 210246, '2', '3', '1', 'S5', 1, 0),
('Dr. K. N. Honwadkar', 210246, '2', '3', '1', 'S5', 2, 0),
('Dr. K. N. Honwadkar', 210246, '2', '3', '1', 'S5', 3, 0),
('Dr. K. N. Honwadkar', 210246, '2', '3', '1', 'S5', 4, 0),
('Dr. K. N. Honwadkar', 210246, '2', '3', '1', 'S5', 5, 0),
('Dr. K. N. Honwadkar', 210246, '2', '3', '1', 'S5', 6, 0),
('Prof. D. T. Bodake', 210247, '2', '3', '2', 'S6', 1, 0),
('Prof. D. T. Bodake', 210247, '2', '3', '2', 'S6', 2, 0),
('Prof. D. T. Bodake', 210247, '2', '3', '2', 'S6', 3, 0),
('Prof. D. T. Bodake', 210247, '2', '3', '2', 'S6', 4, 0),
('Prof. D. T. Bodake', 210247, '2', '3', '2', 'S6', 5, 0),
('Prof. D. T. Bodake', 210247, '2', '3', '2', 'S6', 6, 0),
('Prof D. R. Dhaygude', 210247, '2', '3', '2', 'S7', 1, 0),
('Prof D. R. Dhaygude', 210247, '2', '3', '2', 'S7', 2, 0),
('Prof D. R. Dhaygude', 210247, '2', '3', '2', 'S7', 3, 0),
('Prof D. R. Dhaygude', 210247, '2', '3', '2', 'S7', 4, 0),
('Prof D. R. Dhaygude', 210247, '2', '3', '2', 'S7', 5, 0),
('Prof D. R. Dhaygude', 210247, '2', '3', '2', 'S7', 6, 0),
('Prof. D. T. Bodake', 210247, '2', '3', '2', 'S8', 1, 0),
('Prof. D. T. Bodake', 210247, '2', '3', '2', 'S8', 2, 0),
('Prof. D. T. Bodake', 210247, '2', '3', '2', 'S8', 3, 0),
('Prof. D. T. Bodake', 210247, '2', '3', '2', 'S8', 4, 0),
('Prof. D. T. Bodake', 210247, '2', '3', '2', 'S8', 5, 0),
('Prof. D. T. Bodake', 210247, '2', '3', '2', 'S8', 6, 0),
('Dr. S. K. Pathan', 210247, '2', '3', '2', 'S9', 1, 0),
('Dr. S. K. Pathan', 210247, '2', '3', '2', 'S9', 2, 0),
('Dr. S. K. Pathan', 210247, '2', '3', '2', 'S9', 3, 0),
('Dr. S. K. Pathan', 210247, '2', '3', '2', 'S9', 4, 0),
('Dr. S. K. Pathan', 210247, '2', '3', '2', 'S9', 5, 0),
('Dr. S. K. Pathan', 210247, '2', '3', '2', 'S9', 6, 0),
('Prof R.B. Kale', 210247, '2', '3', '2', 'S10', 1, 0),
('Prof R.B. Kale', 210247, '2', '3', '2', 'S10', 2, 0),
('Prof R.B. Kale', 210247, '2', '3', '2', 'S10', 3, 0),
('Prof R.B. Kale', 210247, '2', '3', '2', 'S10', 4, 0),
('Prof R.B. Kale', 210247, '2', '3', '2', 'S10', 5, 0),
('Prof R.B. Kale', 210247, '2', '3', '2', 'S10', 6, 0),
('Prof. B. D. Thorat', 210248, '2', '3', '2', 'S6', 1, 0),
('Prof. B. D. Thorat', 210248, '2', '3', '2', 'S6', 2, 0),
('Prof. B. D. Thorat', 210248, '2', '3', '2', 'S6', 3, 0),
('Prof. B. D. Thorat', 210248, '2', '3', '2', 'S6', 4, 0),
('Prof. B. D. Thorat', 210248, '2', '3', '2', 'S6', 5, 0),
('Prof. B. D. Thorat', 210248, '2', '3', '2', 'S6', 6, 0),
('Prof. B. D. Thorat', 210248, '2', '3', '2', 'S7', 1, 0),
('Prof. B. D. Thorat', 210248, '2', '3', '2', 'S7', 2, 0),
('Prof. B. D. Thorat', 210248, '2', '3', '2', 'S7', 3, 0),
('Prof. B. D. Thorat', 210248, '2', '3', '2', 'S7', 4, 0),
('Prof. B. D. Thorat', 210248, '2', '3', '2', 'S7', 5, 0),
('Prof. B. D. Thorat', 210248, '2', '3', '2', 'S7', 6, 0),
('Prof. B. D. Thorat', 210248, '2', '3', '2', 'S8', 1, 0),
('Prof. B. D. Thorat', 210248, '2', '3', '2', 'S8', 2, 0),
('Prof. B. D. Thorat', 210248, '2', '3', '2', 'S8', 3, 0),
('Prof. B. D. Thorat', 210248, '2', '3', '2', 'S8', 4, 0),
('Prof. B. D. Thorat', 210248, '2', '3', '2', 'S8', 5, 0),
('Prof. B. D. Thorat', 210248, '2', '3', '2', 'S8', 6, 0),
('Prof. B. D. Thorat', 210248, '2', '3', '2', 'S9', 1, 0),
('Prof. B. D. Thorat', 210248, '2', '3', '2', 'S9', 2, 0),
('Prof. B. D. Thorat', 210248, '2', '3', '2', 'S9', 3, 0),
('Prof. B. D. Thorat', 210248, '2', '3', '2', 'S9', 4, 0),
('Prof. B. D. Thorat', 210248, '2', '3', '2', 'S9', 5, 0),
('Prof. B. D. Thorat', 210248, '2', '3', '2', 'S9', 6, 0),
('Prof. B. D. Thorat', 210248, '2', '3', '2', 'S10', 1, 0),
('Prof. B. D. Thorat', 210248, '2', '3', '2', 'S10', 2, 0),
('Prof. B. D. Thorat', 210248, '2', '3', '2', 'S10', 3, 0),
('Prof. B. D. Thorat', 210248, '2', '3', '2', 'S10', 4, 0),
('Prof. B. D. Thorat', 210248, '2', '3', '2', 'S10', 5, 0),
('Prof. B. D. Thorat', 210248, '2', '3', '2', 'S10', 6, 0),
('Prof. V. V. Kimbahune', 210246, '2', '3', '2', 'S6', 1, 0),
('Prof. V. V. Kimbahune', 210246, '2', '3', '2', 'S6', 2, 0),
('Prof. V. V. Kimbahune', 210246, '2', '3', '2', 'S6', 3, 0),
('Prof. V. V. Kimbahune', 210246, '2', '3', '2', 'S6', 4, 0),
('Prof. V. V. Kimbahune', 210246, '2', '3', '2', 'S6', 5, 0),
('Prof. V. V. Kimbahune', 210246, '2', '3', '2', 'S6', 6, 0),
('Prof. V. V. Kimbahune', 210246, '2', '3', '2', 'S7', 1, 0),
('Prof. V. V. Kimbahune', 210246, '2', '3', '2', 'S7', 2, 0),
('Prof. V. V. Kimbahune', 210246, '2', '3', '2', 'S7', 3, 0),
('Prof. V. V. Kimbahune', 210246, '2', '3', '2', 'S7', 4, 0),
('Prof. V. V. Kimbahune', 210246, '2', '3', '2', 'S7', 5, 0),
('Prof. V. V. Kimbahune', 210246, '2', '3', '2', 'S7', 6, 0),
('Prof. V. V. Kimbahune', 210246, '2', '3', '2', 'S8', 1, 0),
('Prof. V. V. Kimbahune', 210246, '2', '3', '2', 'S8', 2, 0),
('Prof. V. V. Kimbahune', 210246, '2', '3', '2', 'S8', 3, 0),
('Prof. V. V. Kimbahune', 210246, '2', '3', '2', 'S8', 4, 0),
('Prof. V. V. Kimbahune', 210246, '2', '3', '2', 'S8', 5, 0),
('Prof. V. V. Kimbahune', 210246, '2', '3', '2', 'S8', 6, 0),
('Prof. V. V. Kimbahune', 210246, '2', '3', '2', 'S9', 1, 0),
('Prof. V. V. Kimbahune', 210246, '2', '3', '2', 'S9', 2, 0),
('Prof. V. V. Kimbahune', 210246, '2', '3', '2', 'S9', 3, 0),
('Prof. V. V. Kimbahune', 210246, '2', '3', '2', 'S9', 4, 0),
('Prof. V. V. Kimbahune', 210246, '2', '3', '2', 'S9', 5, 0),
('Prof. V. V. Kimbahune', 210246, '2', '3', '2', 'S9', 6, 0),
('Prof. V. V. Kimbahune', 210246, '2', '3', '2', 'S10', 1, 0),
('Prof. V. V. Kimbahune', 210246, '2', '3', '2', 'S10', 2, 0),
('Prof. V. V. Kimbahune', 210246, '2', '3', '2', 'S10', 3, 0),
('Prof. V. V. Kimbahune', 210246, '2', '3', '2', 'S10', 4, 0),
('Prof. V. V. Kimbahune', 210246, '2', '3', '2', 'S10', 5, 0),
('Prof. V. V. Kimbahune', 210246, '2', '3', '2', 'S10', 6, 0),
('Prof R.B. Kale', 210247, '2', '3', '3', 'S11', 1, 0),
('Prof R.B. Kale', 210247, '2', '3', '3', 'S11', 2, 0),
('Prof R.B. Kale', 210247, '2', '3', '3', 'S11', 3, 0),
('Prof R.B. Kale', 210247, '2', '3', '3', 'S11', 4, 0),
('Prof R.B. Kale', 210247, '2', '3', '3', 'S11', 5, 0),
('Prof R.B. Kale', 210247, '2', '3', '3', 'S11', 6, 0),
('Prof. D. T. Bodake', 210247, '2', '3', '3', 'S12', 1, 0),
('Prof. D. T. Bodake', 210247, '2', '3', '3', 'S12', 2, 0),
('Prof. D. T. Bodake', 210247, '2', '3', '3', 'S12', 3, 0),
('Prof. D. T. Bodake', 210247, '2', '3', '3', 'S12', 4, 0),
('Prof. D. T. Bodake', 210247, '2', '3', '3', 'S12', 5, 0),
('Prof. D. T. Bodake', 210247, '2', '3', '3', 'S12', 6, 0),
('Dr. S. K. Pathan', 210247, '2', '3', '3', 'S13', 1, 0),
('Dr. S. K. Pathan', 210247, '2', '3', '3', 'S13', 2, 0),
('Dr. S. K. Pathan', 210247, '2', '3', '3', 'S13', 3, 0),
('Dr. S. K. Pathan', 210247, '2', '3', '3', 'S13', 4, 0),
('Dr. S. K. Pathan', 210247, '2', '3', '3', 'S13', 5, 0),
('Dr. S. K. Pathan', 210247, '2', '3', '3', 'S13', 6, 0),
('Prof A. A. Bhawarthi', 210247, '2', '3', '3', 'S14', 1, 0),
('Prof A. A. Bhawarthi', 210247, '2', '3', '3', 'S14', 2, 0),
('Prof A. A. Bhawarthi', 210247, '2', '3', '3', 'S14', 3, 0),
('Prof A. A. Bhawarthi', 210247, '2', '3', '3', 'S14', 4, 0),
('Prof A. A. Bhawarthi', 210247, '2', '3', '3', 'S14', 5, 0),
('Prof A. A. Bhawarthi', 210247, '2', '3', '3', 'S14', 6, 0),
('Prof A. A. Bhawarthi', 210247, '2', '3', '3', 'S15', 1, 0),
('Prof A. A. Bhawarthi', 210247, '2', '3', '3', 'S15', 2, 0),
('Prof A. A. Bhawarthi', 210247, '2', '3', '3', 'S15', 3, 0),
('Prof A. A. Bhawarthi', 210247, '2', '3', '3', 'S15', 4, 0),
('Prof A. A. Bhawarthi', 210247, '2', '3', '3', 'S15', 5, 0),
('Prof A. A. Bhawarthi', 210247, '2', '3', '3', 'S15', 6, 0),
('Prof A. M. Wade', 210248, '2', '3', '3', 'S11', 1, 0),
('Prof A. M. Wade', 210248, '2', '3', '3', 'S11', 2, 0),
('Prof A. M. Wade', 210248, '2', '3', '3', 'S11', 3, 0),
('Prof A. M. Wade', 210248, '2', '3', '3', 'S11', 4, 0),
('Prof A. M. Wade', 210248, '2', '3', '3', 'S11', 5, 0),
('Prof A. M. Wade', 210248, '2', '3', '3', 'S11', 6, 0),
('Prof A. M. Wade', 210248, '2', '3', '3', 'S12', 1, 0),
('Prof A. M. Wade', 210248, '2', '3', '3', 'S12', 2, 0),
('Prof A. M. Wade', 210248, '2', '3', '3', 'S12', 3, 0),
('Prof A. M. Wade', 210248, '2', '3', '3', 'S12', 4, 0),
('Prof A. M. Wade', 210248, '2', '3', '3', 'S12', 5, 0),
('Prof A. M. Wade', 210248, '2', '3', '3', 'S12', 6, 0),
('Prof A. M. Wade', 210248, '2', '3', '3', 'S13', 1, 0),
('Prof A. M. Wade', 210248, '2', '3', '3', 'S13', 2, 0),
('Prof A. M. Wade', 210248, '2', '3', '3', 'S13', 3, 0),
('Prof A. M. Wade', 210248, '2', '3', '3', 'S13', 4, 0),
('Prof A. M. Wade', 210248, '2', '3', '3', 'S13', 5, 0),
('Prof A. M. Wade', 210248, '2', '3', '3', 'S13', 6, 0),
('Prof A. M. Wade', 210248, '2', '3', '3', 'S14', 1, 0),
('Prof A. M. Wade', 210248, '2', '3', '3', 'S14', 2, 0),
('Prof A. M. Wade', 210248, '2', '3', '3', 'S14', 3, 0),
('Prof A. M. Wade', 210248, '2', '3', '3', 'S14', 4, 0),
('Prof A. M. Wade', 210248, '2', '3', '3', 'S14', 5, 0),
('Prof A. M. Wade', 210248, '2', '3', '3', 'S14', 6, 0),
('Prof A. M. Wade', 210248, '2', '3', '3', 'S15', 1, 0),
('Prof A. M. Wade', 210248, '2', '3', '3', 'S15', 2, 0),
('Prof A. M. Wade', 210248, '2', '3', '3', 'S15', 3, 0),
('Prof A. M. Wade', 210248, '2', '3', '3', 'S15', 4, 0),
('Prof A. M. Wade', 210248, '2', '3', '3', 'S15', 5, 0),
('Prof A. M. Wade', 210248, '2', '3', '3', 'S15', 6, 0),
('Prof K. M. Jadhav', 210246, '2', '3', '3', 'S11', 1, 0),
('Prof K. M. Jadhav', 210246, '2', '3', '3', 'S11', 2, 0),
('Prof K. M. Jadhav', 210246, '2', '3', '3', 'S11', 3, 0),
('Prof K. M. Jadhav', 210246, '2', '3', '3', 'S11', 4, 0),
('Prof K. M. Jadhav', 210246, '2', '3', '3', 'S11', 5, 0),
('Prof K. M. Jadhav', 210246, '2', '3', '3', 'S11', 6, 0),
('Prof K. M. Jadhav', 210246, '2', '3', '3', 'S12', 1, 0),
('Prof K. M. Jadhav', 210246, '2', '3', '3', 'S12', 2, 0),
('Prof K. M. Jadhav', 210246, '2', '3', '3', 'S12', 3, 0),
('Prof K. M. Jadhav', 210246, '2', '3', '3', 'S12', 4, 0),
('Prof K. M. Jadhav', 210246, '2', '3', '3', 'S12', 5, 0),
('Prof K. M. Jadhav', 210246, '2', '3', '3', 'S12', 6, 0),
('Prof K. M. Jadhav', 210246, '2', '3', '3', 'S13', 1, 0),
('Prof K. M. Jadhav', 210246, '2', '3', '3', 'S13', 2, 0),
('Prof K. M. Jadhav', 210246, '2', '3', '3', 'S13', 3, 0),
('Prof K. M. Jadhav', 210246, '2', '3', '3', 'S13', 4, 0),
('Prof K. M. Jadhav', 210246, '2', '3', '3', 'S13', 5, 0),
('Prof K. M. Jadhav', 210246, '2', '3', '3', 'S13', 6, 0),
('Prof K. M. Jadhav', 210246, '2', '3', '3', 'S14', 1, 0),
('Prof K. M. Jadhav', 210246, '2', '3', '3', 'S14', 2, 0),
('Prof K. M. Jadhav', 210246, '2', '3', '3', 'S14', 3, 0),
('Prof K. M. Jadhav', 210246, '2', '3', '3', 'S14', 4, 0),
('Prof K. M. Jadhav', 210246, '2', '3', '3', 'S14', 5, 0),
('Prof K. M. Jadhav', 210246, '2', '3', '3', 'S14', 6, 0),
('Prof K. M. Jadhav', 210246, '2', '3', '3', 'S15', 1, 0),
('Prof K. M. Jadhav', 210246, '2', '3', '3', 'S15', 2, 0),
('Prof K. M. Jadhav', 210246, '2', '3', '3', 'S15', 3, 0),
('Prof K. M. Jadhav', 210246, '2', '3', '3', 'S15', 4, 0),
('Prof K. M. Jadhav', 210246, '2', '3', '3', 'S15', 5, 0),
('Prof K. M. Jadhav', 210246, '2', '3', '3', 'S15', 6, 0),
('Prof D. R. Dhaygude', 210247, '2', '3', '4', 'S16', 1, 0),
('Prof D. R. Dhaygude', 210247, '2', '3', '4', 'S16', 2, 0),
('Prof D. R. Dhaygude', 210247, '2', '3', '4', 'S16', 3, 0),
('Prof D. R. Dhaygude', 210247, '2', '3', '4', 'S16', 4, 0),
('Prof D. R. Dhaygude', 210247, '2', '3', '4', 'S16', 5, 0),
('Prof D. R. Dhaygude', 210247, '2', '3', '4', 'S16', 6, 0),
('Prof R.B. Kale', 210247, '2', '3', '4', 'S17', 1, 0),
('Prof R.B. Kale', 210247, '2', '3', '4', 'S17', 2, 0),
('Prof R.B. Kale', 210247, '2', '3', '4', 'S17', 3, 0),
('Prof R.B. Kale', 210247, '2', '3', '4', 'S17', 4, 0),
('Prof R.B. Kale', 210247, '2', '3', '4', 'S17', 5, 0),
('Prof R.B. Kale', 210247, '2', '3', '4', 'S17', 6, 0),
('Prof A. A. Bhawarthi', 210247, '2', '3', '4', 'S18', 1, 0),
('Prof A. A. Bhawarthi', 210247, '2', '3', '4', 'S18', 2, 0),
('Prof A. A. Bhawarthi', 210247, '2', '3', '4', 'S18', 3, 0),
('Prof A. A. Bhawarthi', 210247, '2', '3', '4', 'S18', 4, 0),
('Prof A. A. Bhawarthi', 210247, '2', '3', '4', 'S18', 5, 0),
('Prof A. A. Bhawarthi', 210247, '2', '3', '4', 'S18', 6, 0),
('Prof D. R. Dhaygude', 210247, '2', '3', '4', 'S19', 1, 0),
('Prof D. R. Dhaygude', 210247, '2', '3', '4', 'S19', 2, 0),
('Prof D. R. Dhaygude', 210247, '2', '3', '4', 'S19', 3, 0),
('Prof D. R. Dhaygude', 210247, '2', '3', '4', 'S19', 4, 0),
('Prof D. R. Dhaygude', 210247, '2', '3', '4', 'S19', 5, 0),
('Prof D. R. Dhaygude', 210247, '2', '3', '4', 'S19', 6, 0),
('Prof R.B. Kale', 210247, '2', '3', '4', 'S20', 1, 0),
('Prof R.B. Kale', 210247, '2', '3', '4', 'S20', 2, 0),
('Prof R.B. Kale', 210247, '2', '3', '4', 'S20', 3, 0),
('Prof R.B. Kale', 210247, '2', '3', '4', 'S20', 4, 0),
('Prof R.B. Kale', 210247, '2', '3', '4', 'S20', 5, 0),
('Prof R.B. Kale', 210247, '2', '3', '4', 'S20', 6, 0),
('Prof. V. R. Ghule', 210248, '2', '3', '4', 'S16', 1, 0),
('Prof. V. R. Ghule', 210248, '2', '3', '4', 'S16', 2, 0),
('Prof. V. R. Ghule', 210248, '2', '3', '4', 'S16', 3, 0),
('Prof. V. R. Ghule', 210248, '2', '3', '4', 'S16', 4, 0),
('Prof. V. R. Ghule', 210248, '2', '3', '4', 'S16', 5, 0),
('Prof. V. R. Ghule', 210248, '2', '3', '4', 'S16', 6, 0),
('Prof. V. R. Ghule', 210248, '2', '3', '4', 'S17', 1, 0),
('Prof. V. R. Ghule', 210248, '2', '3', '4', 'S17', 2, 0),
('Prof. V. R. Ghule', 210248, '2', '3', '4', 'S17', 3, 0),
('Prof. V. R. Ghule', 210248, '2', '3', '4', 'S17', 4, 0),
('Prof. V. R. Ghule', 210248, '2', '3', '4', 'S17', 5, 0),
('Prof. V. R. Ghule', 210248, '2', '3', '4', 'S17', 6, 0),
('Prof. V. R. Ghule', 210248, '2', '3', '4', 'S18', 1, 0),
('Prof. V. R. Ghule', 210248, '2', '3', '4', 'S18', 2, 0),
('Prof. V. R. Ghule', 210248, '2', '3', '4', 'S18', 3, 0),
('Prof. V. R. Ghule', 210248, '2', '3', '4', 'S18', 4, 0),
('Prof. V. R. Ghule', 210248, '2', '3', '4', 'S18', 5, 0),
('Prof. V. R. Ghule', 210248, '2', '3', '4', 'S18', 6, 0),
('Prof. V. R. Ghule', 210248, '2', '3', '4', 'S19', 1, 0),
('Prof. V. R. Ghule', 210248, '2', '3', '4', 'S19', 2, 0),
('Prof. V. R. Ghule', 210248, '2', '3', '4', 'S19', 3, 0),
('Prof. V. R. Ghule', 210248, '2', '3', '4', 'S19', 4, 0),
('Prof. V. R. Ghule', 210248, '2', '3', '4', 'S19', 5, 0),
('Prof. V. R. Ghule', 210248, '2', '3', '4', 'S19', 6, 0),
('Prof. V. R. Ghule', 210248, '2', '3', '4', 'S20', 1, 0),
('Prof. V. R. Ghule', 210248, '2', '3', '4', 'S20', 2, 0),
('Prof. V. R. Ghule', 210248, '2', '3', '4', 'S20', 3, 0),
('Prof. V. R. Ghule', 210248, '2', '3', '4', 'S20', 4, 0),
('Prof. V. R. Ghule', 210248, '2', '3', '4', 'S20', 5, 0),
('Prof. V. R. Ghule', 210248, '2', '3', '4', 'S20', 6, 0),
('Prof S. M. Patil', 210246, '2', '3', '4', 'S16', 1, 0),
('Prof S. M. Patil', 210246, '2', '3', '4', 'S16', 2, 0),
('Prof S. M. Patil', 210246, '2', '3', '4', 'S16', 3, 0),
('Prof S. M. Patil', 210246, '2', '3', '4', 'S16', 4, 0),
('Prof S. M. Patil', 210246, '2', '3', '4', 'S16', 5, 0),
('Prof S. M. Patil', 210246, '2', '3', '4', 'S16', 6, 0),
('Prof S. M. Patil', 210246, '2', '3', '4', 'S17', 1, 0),
('Prof S. M. Patil', 210246, '2', '3', '4', 'S17', 2, 0),
('Prof S. M. Patil', 210246, '2', '3', '4', 'S17', 3, 0),
('Prof S. M. Patil', 210246, '2', '3', '4', 'S17', 4, 0),
('Prof S. M. Patil', 210246, '2', '3', '4', 'S17', 5, 0),
('Prof S. M. Patil', 210246, '2', '3', '4', 'S17', 6, 0),
('Prof S. M. Patil', 210246, '2', '3', '4', 'S18', 1, 0),
('Prof S. M. Patil', 210246, '2', '3', '4', 'S18', 2, 0),
('Prof S. M. Patil', 210246, '2', '3', '4', 'S18', 3, 0),
('Prof S. M. Patil', 210246, '2', '3', '4', 'S18', 4, 0),
('Prof S. M. Patil', 210246, '2', '3', '4', 'S18', 5, 0),
('Prof S. M. Patil', 210246, '2', '3', '4', 'S18', 6, 0),
('Prof S. M. Patil', 210246, '2', '3', '4', 'S19', 1, 0),
('Prof S. M. Patil', 210246, '2', '3', '4', 'S19', 2, 0),
('Prof S. M. Patil', 210246, '2', '3', '4', 'S19', 3, 0),
('Prof S. M. Patil', 210246, '2', '3', '4', 'S19', 4, 0),
('Prof S. M. Patil', 210246, '2', '3', '4', 'S19', 5, 0),
('Prof S. M. Patil', 210246, '2', '3', '4', 'S19', 6, 0),
('Prof S. M. Patil', 210246, '2', '3', '4', 'S20', 1, 0),
('Prof S. M. Patil', 210246, '2', '3', '4', 'S20', 2, 0),
('Prof S. M. Patil', 210246, '2', '3', '4', 'S20', 3, 0),
('Prof S. M. Patil', 210246, '2', '3', '4', 'S20', 4, 0),
('Prof S. M. Patil', 210246, '2', '3', '4', 'S20', 5, 0),
('Prof S. M. Patil', 210246, '2', '3', '4', 'S20', 6, 0);

-- --------------------------------------------------------

--
-- Table structure for table `p_comments`
--

CREATE TABLE `p_comments` (
  `P_Name` varchar(100) NOT NULL,
  `P_Course_Code` int(6) NOT NULL,
  `P_year` int(11) NOT NULL,
  `P_Sem` int(11) NOT NULL,
  `P_div` int(11) NOT NULL,
  `batch` varchar(10) NOT NULL,
  `comment` varchar(500) NOT NULL
) ENGINE=InnoDB DEFAULT CHARSET=utf8;

--
-- Dumping data for table `p_comments`
--

INSERT INTO `p_comments` (`P_Name`, `P_Course_Code`, `P_year`, `P_Sem`, `P_div`, `batch`, `comment`) VALUES
('Prof P. S. Teli', 210247, 2, 3, 5, 'S21', 'fef'),
('Prof P.A. Sonewar', 210248, 2, 3, 5, 'S21', 'def'),
('Prof P. S. Teli', 210247, 2, 3, 5, 'S21', 'Good'),
('Prof P.A. Sonewar', 210248, 2, 3, 5, 'S21', 'No'),
('Prof P. D. Takalkar', 210246, 2, 3, 5, 'S21', 'Good');

-- --------------------------------------------------------

--
-- Table structure for table `students`
--

CREATE TABLE `students` (
  `roll_no` varchar(6) NOT NULL,
  `year` int(5) NOT NULL,
  `division` int(5) NOT NULL,
  `batch` varchar(5) NOT NULL,
  `semester` int(5) NOT NULL,
  `theory` int(5) NOT NULL,
  `practical` int(11) NOT NULL
) ENGINE=InnoDB DEFAULT CHARSET=utf8;

--
-- Dumping data for table `students`
--

INSERT INTO `students` (`roll_no`, `year`, `division`, `batch`, `semester`, `theory`, `practical`) VALUES
('18U501', 2, 5, 'S21', 3, 0, 0),
('18U502', 2, 5, 'S21', 3, 0, 0),
('18U503', 2, 5, 'S21', 3, 1, 1),
('18U504', 2, 5, 'S21', 3, 0, 0),
('18U505', 2, 5, 'S21', 3, 1, 1),
('18U506', 2, 5, 'S21', 3, 0, 0),
('18U507', 2, 5, 'S21', 3, 1, 1),
('18U508', 2, 5, 'S21', 3, 0, 0),
('18U509', 2, 5, 'S21', 3, 0, 0),
('18U510', 2, 5, 'S21', 3, 0, 0),
('18U511', 2, 5, 'S21', 3, 1, 1),
('18U512', 2, 5, 'S21', 3, 1, 1),
('18U513', 2, 5, 'S21', 3, 0, 0),
('18U514', 2, 5, 'S21', 3, 0, 0),
('18U515', 2, 5, 'S22', 3, 0, 0),
('18U516', 2, 5, 'S22', 3, 0, 0),
('18U517', 2, 5, 'S22', 3, 0, 0),
('18U518', 2, 5, 'S22', 3, 0, 0),
('18U519', 2, 5, 'S22', 3, 0, 0),
('18U520', 2, 5, 'S22', 3, 0, 0),
('18U521', 2, 5, 'S22', 3, 0, 0),
('18U522', 2, 5, 'S22', 3, 0, 0),
('18U523', 2, 5, 'S22', 3, 0, 0),
('18U524', 2, 5, 'S22', 3, 0, 0),
('18U525', 2, 5, 'S22', 3, 0, 0),
('18U526', 2, 5, 'S22', 3, 0, 0),
('18U527', 2, 5, 'S22', 3, 0, 0),
('18U528', 2, 5, 'S22', 3, 0, 0),
('18U529', 2, 5, 'S23', 3, 0, 0),
('18U530', 2, 5, 'S23', 3, 0, 0),
('18U531', 2, 5, 'S23', 3, 0, 0),
('18U532', 2, 5, 'S23', 3, 0, 0),
('18U533', 2, 5, 'S23', 3, 0, 0),
('18U534', 2, 5, 'S23', 3, 0, 0),
('18U535', 2, 5, 'S23', 3, 0, 0),
('18U536', 2, 5, 'S23', 3, 0, 0),
('18U537', 2, 5, 'S23', 3, 0, 0),
('18U538', 2, 5, 'S23', 3, 0, 0),
('18U539', 2, 5, 'S23', 3, 0, 0),
('18U540', 2, 5, 'S23', 3, 0, 0),
('18U541', 2, 5, 'S23', 3, 0, 0),
('18U542', 2, 5, 'S23', 3, 0, 0),
('18U543', 2, 5, 'S24', 3, 0, 0),
('18U544', 2, 5, 'S24', 3, 0, 0),
('18U545', 2, 5, 'S24', 3, 0, 0),
('18U546', 2, 5, 'S24', 3, 0, 0),
('18U547', 2, 5, 'S24', 3, 0, 0),
('18U548', 2, 5, 'S24', 3, 0, 0),
('18U549', 2, 5, 'S24', 3, 0, 0),
('18U550', 2, 5, 'S24', 3, 0, 0),
('18U551', 2, 5, 'S24', 3, 0, 0),
('18U552', 2, 5, 'S24', 3, 0, 0),
('18U553', 2, 5, 'S24', 3, 0, 0),
('18U554', 2, 5, 'S24', 3, 0, 0),
('18U555', 2, 5, 'S24', 3, 0, 0),
('18U556', 2, 5, 'S24', 3, 0, 0),
('18U557', 2, 5, 'S24', 3, 0, 0),
('18U558', 2, 5, 'S24', 3, 0, 0),
('18U501', 3, 5, 'T13', 5, 1, 1);

-- --------------------------------------------------------

--
-- Table structure for table `teacher_prac`
--

CREATE TABLE `teacher_prac` (
  `P_Name` varchar(100) NOT NULL,
  `P_Course_Code` int(6) NOT NULL,
  `P_Year` int(5) NOT NULL,
  `P_Semester` int(5) NOT NULL,
  `P_division` int(11) NOT NULL,
  `P_batch` varchar(5) NOT NULL
) ENGINE=InnoDB DEFAULT CHARSET=utf8;

--
-- Dumping data for table `teacher_prac`
--

INSERT INTO `teacher_prac` (`P_Name`, `P_Course_Code`, `P_Year`, `P_Semester`, `P_division`, `P_batch`) VALUES
('Prof P. S. Teli', 210247, 2, 3, 5, 'S21'),
('Prof P. S. Teli', 210247, 2, 3, 5, 'S24'),
('Prof P.A. Sonewar', 210248, 2, 3, 5, 'S21'),
('Prof P.A. Sonewar', 210248, 2, 3, 5, 'S22'),
('Prof P.A. Sonewar', 210248, 2, 3, 5, 'S23'),
('Prof P.A. Sonewar', 210248, 2, 3, 5, 'S24'),
('Prof P. D. Takalkar', 210246, 2, 3, 5, 'S21'),
('Prof P. D. Takalkar', 210246, 2, 3, 5, 'S22'),
('Prof P. D. Takalkar', 210246, 2, 3, 5, 'S23'),
('Prof P. D. Takalkar', 210246, 2, 3, 5, 'S24'),
('Prof R. M. Indoria', 210247, 2, 3, 5, 'S22'),
('Prof R. M. Indoria', 210247, 2, 3, 5, 'S23'),
('Prof R.B. Kale', 210247, 2, 3, 1, 'S1'),
('Prof D. R. Dhaygude', 210247, 2, 3, 1, 'S2'),
('Prof A. N. Ainapure', 210247, 2, 3, 1, 'S3'),
('Prof A. N. Ainapure', 210247, 2, 3, 1, 'S4'),
('Prof D. R. Dhaygude', 210247, 2, 3, 1, 'S5'),
('Prof D. S. Lavakhare', 210248, 2, 3, 1, 'S1'),
('Prof D. S. Lavakhare', 210248, 2, 3, 1, 'S2'),
('Prof D. S. Lavakhare', 210248, 2, 3, 1, 'S3'),
('Prof D. S. Lavakhare', 210248, 2, 3, 1, 'S4'),
('Prof D. S. Lavakhare', 210248, 2, 3, 1, 'S5'),
('Dr. K. N. Honwadkar', 210246, 2, 3, 1, 'S1'),
('Dr. K. N. Honwadkar', 210246, 2, 3, 1, 'S2'),
('Dr. K. N. Honwadkar', 210246, 2, 3, 1, 'S3'),
('Dr. K. N. Honwadkar', 210246, 2, 3, 1, 'S4'),
('Dr. K. N. Honwadkar', 210246, 2, 3, 1, 'S5'),
('Prof. D. T. Bodake', 210247, 2, 3, 2, 'S6'),
('Prof D. R. Dhaygude', 210247, 2, 3, 2, 'S7'),
('Prof. D. T. Bodake', 210247, 2, 3, 2, 'S8'),
('Dr. S. K. Pathan', 210247, 2, 3, 2, 'S9'),
('Prof R.B. Kale', 210247, 2, 3, 2, 'S10'),
('Prof. B. D. Thorat', 210248, 2, 3, 2, 'S6'),
('Prof. B. D. Thorat', 210248, 2, 3, 2, 'S7'),
('Prof. B. D. Thorat', 210248, 2, 3, 2, 'S8'),
('Prof. B. D. Thorat', 210248, 2, 3, 2, 'S9'),
('Prof. B. D. Thorat', 210248, 2, 3, 2, 'S10'),
('Prof. V. V. Kimbahune', 210246, 2, 3, 2, 'S6'),
('Prof. V. V. Kimbahune', 210246, 2, 3, 2, 'S7'),
('Prof. V. V. Kimbahune', 210246, 2, 3, 2, 'S8'),
('Prof. V. V. Kimbahune', 210246, 2, 3, 2, 'S9'),
('Prof. V. V. Kimbahune', 210246, 2, 3, 2, 'S10'),
('Prof R.B. Kale', 210247, 2, 3, 3, 'S11'),
('Prof. D. T. Bodake', 210247, 2, 3, 3, 'S12'),
('Dr. S. K. Pathan', 210247, 2, 3, 3, 'S13'),
('Prof A. A. Bhawarthi', 210247, 2, 3, 3, 'S14'),
('Prof A. A. Bhawarthi', 210247, 2, 3, 3, 'S15'),
('Prof A. M. Wade', 210248, 2, 3, 3, 'S11'),
('Prof A. M. Wade', 210248, 2, 3, 3, 'S12'),
('Prof A. M. Wade', 210248, 2, 3, 3, 'S13'),
('Prof A. M. Wade', 210248, 2, 3, 3, 'S14'),
('Prof A. M. Wade', 210248, 2, 3, 3, 'S15'),
('Prof K. M. Jadhav', 210246, 2, 3, 3, 'S11'),
('Prof K. M. Jadhav', 210246, 2, 3, 3, 'S12'),
('Prof K. M. Jadhav', 210246, 2, 3, 3, 'S13'),
('Prof K. M. Jadhav', 210246, 2, 3, 3, 'S14'),
('Prof K. M. Jadhav', 210246, 2, 3, 3, 'S15'),
('Prof D. R. Dhaygude', 210247, 2, 3, 4, 'S16'),
('Prof R.B. Kale', 210247, 2, 3, 4, 'S17'),
('Prof A. A. Bhawarthi', 210247, 2, 3, 4, 'S18'),
('Prof D. R. Dhaygude', 210247, 2, 3, 4, 'S19'),
('Prof R.B. Kale', 210247, 2, 3, 4, 'S20'),
('Prof. V. R. Ghule', 210248, 2, 3, 4, 'S16'),
('Prof. V. R. Ghule', 210248, 2, 3, 4, 'S17'),
('Prof. V. R. Ghule', 210248, 2, 3, 4, 'S18'),
('Prof. V. R. Ghule', 210248, 2, 3, 4, 'S19'),
('Prof. V. R. Ghule', 210248, 2, 3, 4, 'S20'),
('Prof S. M. Patil', 210246, 2, 3, 4, 'S16'),
('Prof S. M. Patil', 210246, 2, 3, 4, 'S17'),
('Prof S. M. Patil', 210246, 2, 3, 4, 'S18'),
('Prof S. M. Patil', 210246, 2, 3, 4, 'S19'),
('Prof S. M. Patil', 210246, 2, 3, 4, 'S20');

-- --------------------------------------------------------

--
-- Table structure for table `teacher_theory`
--

CREATE TABLE `teacher_theory` (
  `T_Name` varchar(100) NOT NULL,
  `T_Course_Code` int(6) NOT NULL,
  `T_Year` varchar(5) NOT NULL,
  `T_Semester` varchar(5) NOT NULL,
  `T_division` int(11) NOT NULL
) ENGINE=InnoDB DEFAULT CHARSET=utf8;

--
-- Dumping data for table `teacher_theory`
--

INSERT INTO `teacher_theory` (`T_Name`, `T_Course_Code`, `T_Year`, `T_Semester`, `T_division`) VALUES
('Prof. P. S. Teli', 210243, '2', '3', 5),
('Prof. P. A. Sonewar', 210245, '2', '3', 5),
('Prof. P. D. Takalkar', 210242, '2', '3', 5),
('Prof. R. M. Indoria', 210241, '2', '3', 5),
('Prof. P. A. Chandre', 210244, '2', '3', 5),
('Dr. P. N. Mahalle', 210243, '2', '3', 1),
('Prof. D. S. Lavakhare', 210245, '2', '3', 1),
('Dr. K. N. Honwadkar', 210242, '2', '3', 1),
('Prof. A. N. Ainapure', 210241, '2', '3', 1),
('Pof. P. S. Raskar', 210244, '2', '3', 1),
('Prof. D. T. Bodake', 210243, '2', '3', 2),
('Prof. A. M. Wade', 210245, '2', '3', 2),
('Prof. V. V. Kimbahune', 210242, '2', '3', 2),
('Dr. S. K. Pathan', 210241, '2', '3', 2),
('Prof. S. P. Dugam', 210244, '2', '3', 2),
('Prof. A. A. Bhawarthi', 210243, '2', '3', 3),
('Prof. A. M. Wade', 210245, '2', '3', 3),
('Prof. K. M. Jadhav', 210242, '2', '3', 3),
('Dr. S. K. Pathan', 210241, '2', '3', 3),
('Prof. A. B. Balte', 210244, '2', '3', 3),
('Prof. A. A. Bhawarthi', 210243, '2', '3', 4),
('Prof. V. R. Ghule', 210245, '2', '3', 4),
('Prof. S. M. Patil', 210242, '2', '3', 4),
('Prof. A. N. Ainapure', 210241, '2', '3', 4),
('Prof. S. M. Patil', 210244, '2', '3', 4),
('', 0, '', '', 0),
('', 0, '', '', 0);

-- --------------------------------------------------------

--
-- Table structure for table `theory_course`
--

CREATE TABLE `theory_course` (
  `T_Course_Code` int(6) NOT NULL,
  `T_Course_Name` varchar(50) NOT NULL,
  `Year` varchar(5) NOT NULL,
  `Semester` varchar(5) NOT NULL
) ENGINE=InnoDB DEFAULT CHARSET=utf8;

--
-- Dumping data for table `theory_course`
--

INSERT INTO `theory_course` (`T_Course_Code`, `T_Course_Name`, `Year`, `Semester`) VALUES
(107001, 'Engineering Mathematics-I ', '1', '1'),
(107002, 'Engineering Physics', '1', '1'),
(107009, 'Engineering Chemistry ', '1', '1'),
(102006, 'Engineering Graphics I ', '1', '1'),
(101005, 'Basic Civil and Environmental Engineering ', '1', '1'),
(110003, 'Fundamentals of Programming Languages I ', '1', '1'),
(111007, 'Workshop Practice', '1', '1'),
(107008, 'Engineering Mathematics II', '1', '2'),
(102014, 'Engineering Graphics II', '1', '2'),
(102013, 'Basic Mechanical Engineering', '1', '2'),
(101011, 'Engineering Mechanics', '1', '2'),
(104012, 'Basic Electronics Engineering', '1', '2'),
(103004, 'Basic Electrical Engineering ', '1', '2'),
(110010, 'Fundamentals of Programming Languages II', '1', '2'),
(210241, 'Discrete Mathematics', '2', '3'),
(210242, 'Digital Electronics and Logic Design', '2', '3'),
(210243, 'Data Structures and Algorithms ', '2', '3'),
(210244, 'Computer Organization and Architecture', '2', '3'),
(210245, 'Object Oriented Programming ', '2', '3'),
(207003, 'Engineering Mathematics III', '2', '4'),
(210251, 'Computer Graphics', '2', '4'),
(210252, 'Advanced Data Structures', '2', '4'),
(210253, 'Microprocessor ', '2', '4'),
(210254, 'Principles of Programming Languages', '2', '4'),
(310241, 'Theory of Computation ', '3', '5'),
(310242, 'Database Management  Systems (DBMS) ', '3', '5'),
(310243, 'Software Engineering & Project Management', '3', '5'),
(310244, 'Information Systems & Engineering Economics', '3', '5'),
(310245, ' Computer Networks (CN)', '3', '5'),
(310250, 'Design & Analysis of Algorithms  ', '3', '6'),
(310251, 'Systems Programming & Operating System  (SP & OS) ', '3', '6'),
(310252, 'Embedded Systems & Internet of Things (ES & IoT', '3', '6'),
(310253, 'Software Modeling and Design', '3', '6'),
(310254, 'Web Technology', '3', '6'),
(310255, 'Seminar & Technical Communication  ', '3', '6');

-- --------------------------------------------------------

--
-- Table structure for table `theory_output`
--

CREATE TABLE `theory_output` (
  `T_Name` varchar(100) NOT NULL,
  `T_Course_Code` int(6) NOT NULL,
  `T_Year` varchar(5) NOT NULL,
  `T_Semester` varchar(5) NOT NULL,
  `T_Division` varchar(5) NOT NULL,
  `Q_id` int(5) NOT NULL,
  `tot_cont` int(5) NOT NULL
) ENGINE=InnoDB DEFAULT CHARSET=utf8;

--
-- Dumping data for table `theory_output`
--

INSERT INTO `theory_output` (`T_Name`, `T_Course_Code`, `T_Year`, `T_Semester`, `T_Division`, `Q_id`, `tot_cont`) VALUES
('Prof. P. S. Teli', 210243, '2', '3', '5', 1, 21),
('Prof. P. S. Teli', 210243, '2', '3', '5', 2, 20),
('Prof. P. S. Teli', 210243, '2', '3', '5', 3, 23),
('Prof. P. S. Teli', 210243, '2', '3', '5', 4, 19),
('Prof. P. S. Teli', 210243, '2', '3', '5', 5, 21),
('Prof. P. S. Teli', 210243, '2', '3', '5', 6, 18),
('Prof. P. S. Teli', 210243, '2', '3', '5', 7, 20),
('Prof. P. S. Teli', 210243, '2', '3', '5', 8, 18),
('Prof. P. S. Teli', 210243, '2', '3', '5', 9, 20),
('Prof. P. A. Sonewar', 210245, '2', '3', '5', 1, 22),
('Prof. P. A. Sonewar', 210245, '2', '3', '5', 2, 19),
('Prof. P. A. Sonewar', 210245, '2', '3', '5', 3, 21),
('Prof. P. A. Sonewar', 210245, '2', '3', '5', 4, 19),
('Prof. P. A. Sonewar', 210245, '2', '3', '5', 5, 16),
('Prof. P. A. Sonewar', 210245, '2', '3', '5', 6, 19),
('Prof. P. A. Sonewar', 210245, '2', '3', '5', 7, 17),
('Prof. P. A. Sonewar', 210245, '2', '3', '5', 8, 20),
('Prof. P. A. Sonewar', 210245, '2', '3', '5', 9, 21),
('Prof. P. D. Takalkar', 210242, '2', '3', '5', 1, 22),
('Prof. P. D. Takalkar', 210242, '2', '3', '5', 2, 20),
('Prof. P. D. Takalkar', 210242, '2', '3', '5', 3, 22),
('Prof. P. D. Takalkar', 210242, '2', '3', '5', 4, 17),
('Prof. P. D. Takalkar', 210242, '2', '3', '5', 5, 18),
('Prof. P. D. Takalkar', 210242, '2', '3', '5', 6, 19),
('Prof. P. D. Takalkar', 210242, '2', '3', '5', 7, 16),
('Prof. P. D. Takalkar', 210242, '2', '3', '5', 8, 20),
('Prof. P. D. Takalkar', 210242, '2', '3', '5', 9, 22),
('Prof. R. M. Indoria', 210241, '2', '3', '5', 1, 15),
('Prof. R. M. Indoria', 210241, '2', '3', '5', 2, 17),
('Prof. R. M. Indoria', 210241, '2', '3', '5', 3, 19),
('Prof. R. M. Indoria', 210241, '2', '3', '5', 4, 22),
('Prof. R. M. Indoria', 210241, '2', '3', '5', 5, 18),
('Prof. R. M. Indoria', 210241, '2', '3', '5', 6, 20),
('Prof. R. M. Indoria', 210241, '2', '3', '5', 7, 13),
('Prof. R. M. Indoria', 210241, '2', '3', '5', 8, 17),
('Prof. R. M. Indoria', 210241, '2', '3', '5', 9, 17),
('Prof. P. A. Chandre', 210244, '2', '3', '5', 1, 19),
('Prof. P. A. Chandre', 210244, '2', '3', '5', 2, 19),
('Prof. P. A. Chandre', 210244, '2', '3', '5', 3, 23),
('Prof. P. A. Chandre', 210244, '2', '3', '5', 4, 18),
('Prof. P. A. Chandre', 210244, '2', '3', '5', 5, 16),
('Prof. P. A. Chandre', 210244, '2', '3', '5', 6, 24),
('Prof. P. A. Chandre', 210244, '2', '3', '5', 7, 23),
('Prof. P. A. Chandre', 210244, '2', '3', '5', 8, 20),
('Prof. P. A. Chandre', 210244, '2', '3', '5', 9, 18),
('Dr. P. N. Mahalle', 210243, '2', '3', '1', 1, 0),
('Dr. P. N. Mahalle', 210243, '2', '3', '1', 2, 0),
('Dr. P. N. Mahalle', 210243, '2', '3', '1', 3, 0),
('Dr. P. N. Mahalle', 210243, '2', '3', '1', 4, 0),
('Dr. P. N. Mahalle', 210243, '2', '3', '1', 5, 0),
('Dr. P. N. Mahalle', 210243, '2', '3', '1', 6, 0),
('Dr. P. N. Mahalle', 210243, '2', '3', '1', 7, 0),
('Dr. P. N. Mahalle', 210243, '2', '3', '1', 8, 0),
('Dr. P. N. Mahalle', 210243, '2', '3', '1', 9, 0),
('Prof. D. S. Lavakhare', 210245, '2', '3', '1', 1, 0),
('Prof. D. S. Lavakhare', 210245, '2', '3', '1', 2, 0),
('Prof. D. S. Lavakhare', 210245, '2', '3', '1', 3, 0),
('Prof. D. S. Lavakhare', 210245, '2', '3', '1', 4, 0),
('Prof. D. S. Lavakhare', 210245, '2', '3', '1', 5, 0),
('Prof. D. S. Lavakhare', 210245, '2', '3', '1', 6, 0),
('Prof. D. S. Lavakhare', 210245, '2', '3', '1', 7, 0),
('Prof. D. S. Lavakhare', 210245, '2', '3', '1', 8, 0),
('Prof. D. S. Lavakhare', 210245, '2', '3', '1', 9, 0),
('Dr. K. N. Honwadkar', 210242, '2', '3', '1', 1, 0),
('Dr. K. N. Honwadkar', 210242, '2', '3', '1', 2, 0),
('Dr. K. N. Honwadkar', 210242, '2', '3', '1', 3, 0),
('Dr. K. N. Honwadkar', 210242, '2', '3', '1', 4, 0),
('Dr. K. N. Honwadkar', 210242, '2', '3', '1', 5, 0),
('Dr. K. N. Honwadkar', 210242, '2', '3', '1', 6, 0),
('Dr. K. N. Honwadkar', 210242, '2', '3', '1', 7, 0),
('Dr. K. N. Honwadkar', 210242, '2', '3', '1', 8, 0),
('Dr. K. N. Honwadkar', 210242, '2', '3', '1', 9, 0),
('Prof. A. N. Ainapure', 210241, '2', '3', '1', 1, 0),
('Prof. A. N. Ainapure', 210241, '2', '3', '1', 2, 0),
('Prof. A. N. Ainapure', 210241, '2', '3', '1', 3, 0),
('Prof. A. N. Ainapure', 210241, '2', '3', '1', 4, 0),
('Prof. A. N. Ainapure', 210241, '2', '3', '1', 5, 0),
('Prof. A. N. Ainapure', 210241, '2', '3', '1', 6, 0),
('Prof. A. N. Ainapure', 210241, '2', '3', '1', 7, 0),
('Prof. A. N. Ainapure', 210241, '2', '3', '1', 8, 0),
('Prof. A. N. Ainapure', 210241, '2', '3', '1', 9, 0),
('Pof. P. S. Raskar', 210244, '2', '3', '1', 1, 0),
('Pof. P. S. Raskar', 210244, '2', '3', '1', 2, 0),
('Pof. P. S. Raskar', 210244, '2', '3', '1', 3, 0),
('Pof. P. S. Raskar', 210244, '2', '3', '1', 4, 0),
('Pof. P. S. Raskar', 210244, '2', '3', '1', 5, 0),
('Pof. P. S. Raskar', 210244, '2', '3', '1', 6, 0),
('Pof. P. S. Raskar', 210244, '2', '3', '1', 7, 0),
('Pof. P. S. Raskar', 210244, '2', '3', '1', 8, 0),
('Pof. P. S. Raskar', 210244, '2', '3', '1', 9, 0),
('Prof. D. T. Bodake', 210243, '2', '3', '2', 1, 0),
('Prof. D. T. Bodake', 210243, '2', '3', '2', 2, 0),
('Prof. D. T. Bodake', 210243, '2', '3', '2', 3, 0),
('Prof. D. T. Bodake', 210243, '2', '3', '2', 4, 0),
('Prof. D. T. Bodake', 210243, '2', '3', '2', 5, 0),
('Prof. D. T. Bodake', 210243, '2', '3', '2', 6, 0),
('Prof. D. T. Bodake', 210243, '2', '3', '2', 7, 0),
('Prof. D. T. Bodake', 210243, '2', '3', '2', 8, 0),
('Prof. D. T. Bodake', 210243, '2', '3', '2', 9, 0),
('Prof. A. M. Wade', 210245, '2', '3', '2', 1, 0),
('Prof. A. M. Wade', 210245, '2', '3', '2', 2, 0),
('Prof. A. M. Wade', 210245, '2', '3', '2', 3, 0),
('Prof. A. M. Wade', 210245, '2', '3', '2', 4, 0),
('Prof. A. M. Wade', 210245, '2', '3', '2', 5, 0),
('Prof. A. M. Wade', 210245, '2', '3', '2', 6, 0),
('Prof. A. M. Wade', 210245, '2', '3', '2', 7, 0),
('Prof. A. M. Wade', 210245, '2', '3', '2', 8, 0),
('Prof. A. M. Wade', 210245, '2', '3', '2', 9, 0),
('Prof. V. V. Kimbahune', 210242, '2', '3', '2', 1, 0),
('Prof. V. V. Kimbahune', 210242, '2', '3', '2', 2, 0),
('Prof. V. V. Kimbahune', 210242, '2', '3', '2', 3, 0),
('Prof. V. V. Kimbahune', 210242, '2', '3', '2', 4, 0),
('Prof. V. V. Kimbahune', 210242, '2', '3', '2', 5, 0),
('Prof. V. V. Kimbahune', 210242, '2', '3', '2', 6, 0),
('Prof. V. V. Kimbahune', 210242, '2', '3', '2', 7, 0),
('Prof. V. V. Kimbahune', 210242, '2', '3', '2', 8, 0),
('Prof. V. V. Kimbahune', 210242, '2', '3', '2', 9, 0),
('Dr. S. K. Pathan', 210241, '2', '3', '2', 1, 0),
('Dr. S. K. Pathan', 210241, '2', '3', '2', 2, 0),
('Dr. S. K. Pathan', 210241, '2', '3', '2', 3, 0),
('Dr. S. K. Pathan', 210241, '2', '3', '2', 4, 0),
('Dr. S. K. Pathan', 210241, '2', '3', '2', 5, 0),
('Dr. S. K. Pathan', 210241, '2', '3', '2', 6, 0),
('Dr. S. K. Pathan', 210241, '2', '3', '2', 7, 0),
('Dr. S. K. Pathan', 210241, '2', '3', '2', 8, 0),
('Dr. S. K. Pathan', 210241, '2', '3', '2', 9, 0),
('Prof. S. P. Dugam', 210244, '2', '3', '2', 1, 0),
('Prof. S. P. Dugam', 210244, '2', '3', '2', 2, 0),
('Prof. S. P. Dugam', 210244, '2', '3', '2', 3, 0),
('Prof. S. P. Dugam', 210244, '2', '3', '2', 4, 0),
('Prof. S. P. Dugam', 210244, '2', '3', '2', 5, 0),
('Prof. S. P. Dugam', 210244, '2', '3', '2', 6, 0),
('Prof. S. P. Dugam', 210244, '2', '3', '2', 7, 0),
('Prof. S. P. Dugam', 210244, '2', '3', '2', 8, 0),
('Prof. S. P. Dugam', 210244, '2', '3', '2', 9, 0),
('Prof. A. A. Bhawarthi', 210243, '2', '3', '3', 1, 0),
('Prof. A. A. Bhawarthi', 210243, '2', '3', '3', 2, 0),
('Prof. A. A. Bhawarthi', 210243, '2', '3', '3', 3, 0),
('Prof. A. A. Bhawarthi', 210243, '2', '3', '3', 4, 0),
('Prof. A. A. Bhawarthi', 210243, '2', '3', '3', 5, 0),
('Prof. A. A. Bhawarthi', 210243, '2', '3', '3', 6, 0),
('Prof. A. A. Bhawarthi', 210243, '2', '3', '3', 7, 0),
('Prof. A. A. Bhawarthi', 210243, '2', '3', '3', 8, 0),
('Prof. A. A. Bhawarthi', 210243, '2', '3', '3', 9, 0),
('Prof. A. M. Wade', 210245, '2', '3', '3', 1, 0),
('Prof. A. M. Wade', 210245, '2', '3', '3', 2, 0),
('Prof. A. M. Wade', 210245, '2', '3', '3', 3, 0),
('Prof. A. M. Wade', 210245, '2', '3', '3', 4, 0),
('Prof. A. M. Wade', 210245, '2', '3', '3', 5, 0),
('Prof. A. M. Wade', 210245, '2', '3', '3', 6, 0),
('Prof. A. M. Wade', 210245, '2', '3', '3', 7, 0),
('Prof. A. M. Wade', 210245, '2', '3', '3', 8, 0),
('Prof. A. M. Wade', 210245, '2', '3', '3', 9, 0),
('Prof. K. M. Jadhav', 210242, '2', '3', '3', 1, 0),
('Prof. K. M. Jadhav', 210242, '2', '3', '3', 2, 0),
('Prof. K. M. Jadhav', 210242, '2', '3', '3', 3, 0),
('Prof. K. M. Jadhav', 210242, '2', '3', '3', 4, 0),
('Prof. K. M. Jadhav', 210242, '2', '3', '3', 5, 0),
('Prof. K. M. Jadhav', 210242, '2', '3', '3', 6, 0),
('Prof. K. M. Jadhav', 210242, '2', '3', '3', 7, 0),
('Prof. K. M. Jadhav', 210242, '2', '3', '3', 8, 0),
('Prof. K. M. Jadhav', 210242, '2', '3', '3', 9, 0),
('Dr. S. K. Pathan', 210241, '2', '3', '3', 1, 0),
('Dr. S. K. Pathan', 210241, '2', '3', '3', 2, 0),
('Dr. S. K. Pathan', 210241, '2', '3', '3', 3, 0),
('Dr. S. K. Pathan', 210241, '2', '3', '3', 4, 0),
('Dr. S. K. Pathan', 210241, '2', '3', '3', 5, 0),
('Dr. S. K. Pathan', 210241, '2', '3', '3', 6, 0),
('Dr. S. K. Pathan', 210241, '2', '3', '3', 7, 0),
('Dr. S. K. Pathan', 210241, '2', '3', '3', 8, 0),
('Dr. S. K. Pathan', 210241, '2', '3', '3', 9, 0),
('Prof. A. B. Balte', 210244, '2', '3', '3', 1, 0),
('Prof. A. B. Balte', 210244, '2', '3', '3', 2, 0),
('Prof. A. B. Balte', 210244, '2', '3', '3', 3, 0),
('Prof. A. B. Balte', 210244, '2', '3', '3', 4, 0),
('Prof. A. B. Balte', 210244, '2', '3', '3', 5, 0),
('Prof. A. B. Balte', 210244, '2', '3', '3', 6, 0),
('Prof. A. B. Balte', 210244, '2', '3', '3', 7, 0),
('Prof. A. B. Balte', 210244, '2', '3', '3', 8, 0),
('Prof. A. B. Balte', 210244, '2', '3', '3', 9, 0),
('Prof. A. A. Bhawarthi', 210243, '2', '3', '4', 1, 0),
('Prof. A. A. Bhawarthi', 210243, '2', '3', '4', 2, 0),
('Prof. A. A. Bhawarthi', 210243, '2', '3', '4', 3, 0),
('Prof. A. A. Bhawarthi', 210243, '2', '3', '4', 4, 0),
('Prof. A. A. Bhawarthi', 210243, '2', '3', '4', 5, 0),
('Prof. A. A. Bhawarthi', 210243, '2', '3', '4', 6, 0),
('Prof. A. A. Bhawarthi', 210243, '2', '3', '4', 7, 0),
('Prof. A. A. Bhawarthi', 210243, '2', '3', '4', 8, 0),
('Prof. A. A. Bhawarthi', 210243, '2', '3', '4', 9, 0),
('Prof. V. R. Ghule', 210245, '2', '3', '4', 1, 0),
('Prof. V. R. Ghule', 210245, '2', '3', '4', 2, 0),
('Prof. V. R. Ghule', 210245, '2', '3', '4', 3, 0),
('Prof. V. R. Ghule', 210245, '2', '3', '4', 4, 0),
('Prof. V. R. Ghule', 210245, '2', '3', '4', 5, 0),
('Prof. V. R. Ghule', 210245, '2', '3', '4', 6, 0),
('Prof. V. R. Ghule', 210245, '2', '3', '4', 7, 0),
('Prof. V. R. Ghule', 210245, '2', '3', '4', 8, 0),
('Prof. V. R. Ghule', 210245, '2', '3', '4', 9, 0),
('Prof. S. M. Patil', 210242, '2', '3', '4', 1, 0),
('Prof. S. M. Patil', 210242, '2', '3', '4', 2, 0),
('Prof. S. M. Patil', 210242, '2', '3', '4', 3, 0),
('Prof. S. M. Patil', 210242, '2', '3', '4', 4, 0),
('Prof. S. M. Patil', 210242, '2', '3', '4', 5, 0),
('Prof. S. M. Patil', 210242, '2', '3', '4', 6, 0),
('Prof. S. M. Patil', 210242, '2', '3', '4', 7, 0),
('Prof. S. M. Patil', 210242, '2', '3', '4', 8, 0),
('Prof. S. M. Patil', 210242, '2', '3', '4', 9, 0),
('Prof. A. N. Ainapure', 210241, '2', '3', '4', 1, 0),
('Prof. A. N. Ainapure', 210241, '2', '3', '4', 2, 0),
('Prof. A. N. Ainapure', 210241, '2', '3', '4', 3, 0),
('Prof. A. N. Ainapure', 210241, '2', '3', '4', 4, 0),
('Prof. A. N. Ainapure', 210241, '2', '3', '4', 5, 0),
('Prof. A. N. Ainapure', 210241, '2', '3', '4', 6, 0),
('Prof. A. N. Ainapure', 210241, '2', '3', '4', 7, 0),
('Prof. A. N. Ainapure', 210241, '2', '3', '4', 8, 0),
('Prof. A. N. Ainapure', 210241, '2', '3', '4', 9, 0),
('Prof. S. M. Patil', 210244, '2', '3', '4', 1, 0),
('Prof. S. M. Patil', 210244, '2', '3', '4', 2, 0),
('Prof. S. M. Patil', 210244, '2', '3', '4', 3, 0),
('Prof. S. M. Patil', 210244, '2', '3', '4', 4, 0),
('Prof. S. M. Patil', 210244, '2', '3', '4', 5, 0),
('Prof. S. M. Patil', 210244, '2', '3', '4', 6, 0),
('Prof. S. M. Patil', 210244, '2', '3', '4', 7, 0),
('Prof. S. M. Patil', 210244, '2', '3', '4', 8, 0),
('Prof. S. M. Patil', 210244, '2', '3', '4', 9, 0),
('', 0, '', '', '', 1, 0),
('', 0, '', '', '', 2, 0),
('', 0, '', '', '', 3, 0),
('', 0, '', '', '', 4, 0),
('', 0, '', '', '', 5, 0),
('', 0, '', '', '', 6, 0),
('', 0, '', '', '', 7, 0),
('', 0, '', '', '', 8, 0),
('', 0, '', '', '', 9, 0),
('', 0, '', '', '', 1, 0),
('', 0, '', '', '', 2, 0),
('', 0, '', '', '', 3, 0),
('', 0, '', '', '', 4, 0),
('', 0, '', '', '', 5, 0),
('', 0, '', '', '', 6, 0),
('', 0, '', '', '', 7, 0),
('', 0, '', '', '', 8, 0),
('', 0, '', '', '', 9, 0);

-- --------------------------------------------------------

--
-- Table structure for table `t_comments`
--

CREATE TABLE `t_comments` (
  `T_Name` varchar(100) NOT NULL,
  `T_Course_Code` int(6) NOT NULL,
  `T_year` int(11) NOT NULL,
  `T_sem` int(11) NOT NULL,
  `T_div` int(11) NOT NULL,
  `comment` varchar(500) NOT NULL
) ENGINE=InnoDB DEFAULT CHARSET=utf8;

--
-- Dumping data for table `t_comments`
--

INSERT INTO `t_comments` (`T_Name`, `T_Course_Code`, `T_year`, `T_sem`, `T_div`, `comment`) VALUES
('Prof. R. M. Indoria', 210241, 2, 3, 5, 'Bad'),
('Prof. P. D. Takalkar', 210242, 2, 3, 5, 'Good'),
('Prof. P. S. Teli', 210243, 2, 3, 5, 'Best'),
('Prof. P. A. Chandre', 210244, 2, 3, 5, 'Good'),
('Prof. P. A. Sonewar', 210245, 2, 3, 5, 'Bad'),
('Prof. R. M. Indoria', 210241, 2, 3, 5, 'good\r\n'),
('Prof. P. D. Takalkar', 210242, 2, 3, 5, 'frgbtr'),
('Prof. P. S. Teli', 210243, 2, 3, 5, 'hii'),
('Prof. P. A. Chandre', 210244, 2, 3, 5, 'freg'),
('Prof. P. A. Sonewar', 210245, 2, 3, 5, 'def');

-- --------------------------------------------------------

--
-- Table structure for table `user`
--

CREATE TABLE `user` (
  `user_id` int(10) NOT NULL,
  `user_name` varchar(30) COLLATE utf8mb4_unicode_ci NOT NULL,
  `password` varchar(255) COLLATE utf8mb4_unicode_ci NOT NULL
) ENGINE=MyISAM DEFAULT CHARSET=utf8mb4 COLLATE=utf8mb4_unicode_ci;

--
-- Dumping data for table `user`
--

INSERT INTO `user` (`user_id`, `user_name`, `password`) VALUES
(1, 'admin', '21232f297a57a5a743894a0e4a801fc3'),
(2, 'delete', '099af53f601532dbd31e0ea99ffdeb64');

--
-- Indexes for dumped tables
--

--
-- Indexes for table `user`
--
ALTER TABLE `user`
  ADD PRIMARY KEY (`user_id`);

--
-- AUTO_INCREMENT for dumped tables
--

--
-- AUTO_INCREMENT for table `user`
--
ALTER TABLE `user`
  MODIFY `user_id` int(10) NOT NULL AUTO_INCREMENT, AUTO_INCREMENT=4;
COMMIT;

/*!40101 SET CHARACTER_SET_CLIENT=@OLD_CHARACTER_SET_CLIENT */;
/*!40101 SET CHARACTER_SET_RESULTS=@OLD_CHARACTER_SET_RESULTS */;
/*!40101 SET COLLATION_CONNECTION=@OLD_COLLATION_CONNECTION */;
